subsample_id,label,marker,sequence,owner,forward_primer,reverse_primer,assessor,type,pcr_date
GSSTAR296_PDK_13-37_SG_A_H,PDK_13_UPA,UPA,TGGACAGAAAGACCCTATGAAGCTTTACTGTAACTTGGAATTGAAGTTGGGTTTACTTTGCGCAGAATAGGTGGGAGGCTAAGATAATATATTTGAGGATATATAGGAGCCATCAGTGAGATACCACTCTAAGTACACTAGACTTCTAACCTTGAAAGCCGTTAACCGGCCAAGGAACAGTTTCAGGCGGGCAGTTTGACTGGGGCGGTCGCCTCCTAAAAGGTAACGGAGGCGTACAAAGGTTTTCTCAAGCTGGTCAGAAATCAGTTTTAGAGTATAAAGGCAAAAGAAAGCTTGACTGCAAGACCTACAAGTCGAGCAGAGACGAAAGTCGGTCTTAGTGATCCGACAGTTCTGAGTGGAAAGGCTGTCGCTCAACGGATAAAAGTTACTCTAGGGATA,GS-STAR,p23SrV-f1,p23SrV-r1,PT1,DNA,
GSSTAR223_PBK_24-74_SG_A_H,PBK_24_UPA,UPA,CCCTATGAAGCTTTACTGTAACTTGGAATTGAAGTTGGGTTTACTTTGCGCAGAATAGGTGGGAGGCTAAGATAATATATTTGAGGATATATAGGAGCCATCAGTGAGATACCACTCTAAGTACACTAGACTTCTAACCTTGAAAGCCGTTAACCGGCCAAGGAACAGTTTCAGGCGGGCAGTTTGACTGGGGCGGTCGCCTCCTAAAAGGTAACGGAGGCGTACAAAGGTTTTCTCAAGCTGGTCAGAAATCAGTTTTAGAGTATAAAGGCAAAAGAAAGCTTGACTGCAAGACCTACAAGTCGAGCAGAGACGAAAGTCGGTCTTAGTGATCCGACAGTTCTGAGTGGAAAGGCTGTCGCTCAACGGATAAAAGTTACTCTAGGG,GS-STAR,p23SrV-f1,p23SrV-r1,PT1,DNA,
GSSTAR223_PBK_1-1_SG_A_H,PBK_1_UPA,UPA,GGACAGAAAGACCCTATGAAGCTTTACTGTAACTTGGAATTGAAGTTGGGTTTACTTTGTGCAGAATAGGTGGGAGGCTAAGATAATATATTTGAGGATATATAGGAGCCGTCAGTGAGATACCACTCTAAGTACACTAGGCTTCTAACCTTGAAAGCCGTTAACCGGCCAAGGAACAGTTTCAGGCGGGCAGTTTGACTGGGGCGGTCGCCTCCTAAAAGGTAACGGAGGCGTACAAAGGTTTTCTCAAGCTGGTCAGAAATCAGTTTTAGAGTATAAAGGCAAAAGAAAGCTTGACTGCAAGACCTACAAGTCGAGCAGAGACGAAAGTCGGTCTTAGTGATCCGACAGTTCTGAGTGGAAAGGCTGTCGCTCAACGGATAAAAGTTACTCTAGGG,GS-STAR,p23SrV-f1,p23SrV-r1,PT1,DNA,
GSSTAR233_SLG_1-1_SG_A_H,SLG_1_UPA,UPA,TGGACAGAAAGACCCTATGAAGCTTTACTGTAACTTGGAATTGAAGTTGGGTTTACTTTGTGCAGAATAGGTGGGAGGCTAAGATAATATATTTGAGGATATATAGGAGCCGTCAGTGAGATACCACTCTAAGTACACTAGGCTTCTAACCTTGAAAGCCGTTAACCGGCCAAGGAACAGTTTCAGGCGGGCAGTTTGACTGGGGCGGTCGCCTCCTAAAAGGTAACGGAGGCGTACAAAGGTTTTCTCAAGCTGGTCAGAAATCAGTTTTAGAGTATAAAGGCAAAAGAAAGCTTGACTGCAAGACCTACAAGTCGAGCAGAGACGAAAGTCGGTCTTAGTGATCCGACAGTTCTGAGTGGAAAGGCTGTCGCTCAACGGATAAAAGTTACTCTAGGGATA,GS-STAR,p23SrV-f1,p23SrV-r1,PT1,DNA,
GSSTAR294_BPT_48-338_SG_H,BPT_48_UPA,UPA,TGGACAGAAAGACCCTATGAAGCTTTACTGTAACTTGGAATTGAAGTTGGGTTTACTTTGTGCAGAATAGGTGGGAGGCTAAGATAATATATTTGAGGATATATAGGAGCCGTCAGTGAGATACCACTCTAAGTACACTAGGCTTCTAACCTTGAAAGCCGTTAACCGGCCAAGGAACAGTTTCAGGCGGGCAGTTTGACTGGGGCGGTCGCCTCCTAAAAGGTAACGGAGGCGTACAAAGGTTTTCTCAAGCTGGTCAGAAATCAGTTTTAGAGTATAAAGGCAAAAGAAAGCTTGACTGCAAGACCTACAAGTCGAGCAGAGACGAAAGTCGGTCTTAGTGATCCGACAGTTCTGAGTGGAAAGGCTGTCGCTCAACGGATAAAAGTTACTCTAGGGATA,GS-STAR,p23SrV-f1,p23SrV-r1,PT1,DNA,
GSSTAR233_SLG_2-4_SG_A_H,SLG_2_UPA,UPA,CCCTATGAAGCTTTACTGTAACTTGGAATTGAAGTTGGGTTTACTTTGTGCAGAATAGGTGGGAGGCTAAGATAATATATTTGAGGATATATAGGAGCCGTCAGTGAGATACCACTCTAAGTACACTAGGCTTCTAACCTTGAAAGCCGTTAACCGGCCAAGGAACAGTTTCAGGCGGGCAGTTTGACTGGGGCGGTCGCCTCCTAAAAGGTAACGGAGGCGTACAAAGGTTTTCTCAAGCTGGTCAGAAATCAGTTTTAGAGTATAAAGGCAAAAGAAAGCTTGACTGCAAGACCTACAAGTCGAGCAGAGACGAAAGTCGGTCTTAGTGATCCGACAGTTCTGAGTGGAAAGGCTGTCGCTCAACGGATAAAAGTTACTCTAGGGATA,GS-STAR,p23SrV-f1,p23SrV-r1,PT1,DNA,
GSSTAR233_SLG_18-52_SG_A_H,SLG_18_UPA,UPA,CCCTATGAAGCTTTACTGTAACTTGGAATTGAAGTTGGGTTTACTTTGTGCAGAATAGGTGGGAGGCTAAGATAATATATTTGAGGATATATAGGAGCCGTCAGTGAGATACCACTCTAAGTACACTAGGCTTCTAACCTTGAAAGCCGTTAACCGGCCAAGGAACAGTTTCAGGCGGGCAGTTTGACTGGGGCGGTCGCCTCCTAAAAGGTAACGGAGGCGTACAAAGGTTTTCTCAAGCTGGTCAGAAATCAGTTTTAGAGTATAAAGGCAAAAGAAAGCTTGACTGCAAGACCTACAAGTCGAGCAGAGACGAAAGTCGGTCTTAGTGATCCGACAGTTCTGAGTGGAAAGGCTGTCGCTCAACGGATAAAAGTTACTCTAGGGATA,GS-STAR,p23SrV-f1,p23SrV-r1,PT1,DNA,
GSSTAR223_PBK_11-31_SG_A_H,PBK_11_UPA,UPA,CCCTATGAAGCTTTACTGTAACTTGGAATTGAAGTTGGGTTTACTTTGTGCAGAATAGGTGGGAGGCTAAGATAATATATTTGAGGATATATAGGAGCCGTCAGTGAGATACCACTCTAAGTACACTAGGCTTCTAACCTTGAAAGCCGTTAACCGGCCAAGGAACAGTTTCAGGCGGGCAGTTTGACTGGGGCGGTCGCCTCCTAAAAGGTAACGGAGGCGTACAAAGGTTTTCTCAAGCTGGTCAGAAATCAGTTTTAGAGTATAAAGGCAAAAGAAAGCTTGACTGCAAGACCTACAAGTCGAGCAGAGACGAAAGTCGGTCTTAGTGATCCGACAGTTCTGAGTGGAAAGGCTGTCGCTCAACGGATAAAAGTTACTCTAGGG,GS-STAR,p23SrV-f1,p23SrV-r1,PT1,DNA,
GSSTAR223_PBK_2-4_SG_A_H,PBK_2_UPA,UPA,CCCTATGAAGCTTTACTGTAACTTGGAATTGAAGTTGGGTTTACTTTGTGCAGAATAGGTGGGAGGCTAAGATAATATATTTGAGGATATATAGGAGCCGTCAGTGAGATACCACTCTAAGTACACTAGGCTTCTAACCTTGAAAGCCGTTAACCGGCCAAGGAACAGTTTCAGGCGGGCAGTTTGACTGGGGCGGTCGCCTCCTAAAAGGTAACGGAGGCGTACAAAGGTTTTCTCAAGCTGGTCAGAAATCAGTTTTAGAGTATAAAGGCAAAAGAAAGCTTGACTGCAAGACCTACAAGTCGAGCAGAGACGAAAGTCGGTCTTAGTGATCCGACAGTTCTGAGTGGAAAGGCTGTCGCTCAACGGATAAAAGTTACTCTAGGG,GS-STAR,p23SrV-f1,p23SrV-r1,PT1,DNA,
GSSTAR250_GRP_3-5_SG_A_H,GRP_3_UPA,UPA,TGGACAGAAAGACCCTATGAAGCTTTACTGTAACTTGGAATTGAAGTTGGGTTTACTTTGTGCAGAATAGGTGGGAGGCTAAGATAATATATTTGAGGATATATAGGAGCCGTCAGTGAGATACCACTCTAAGTACACTAGGCTTCTAACCTTGAAAGCCGTTAACCGGCCAAGGAACAGTTTCAGGCGGGCAGTTTGACTGGGGCGGTCGCCTCCTAAAAGGTAACGGAGGCGTACAAAGGTTTTCTCAAGCTGGTCAGAAATCAGTTTTAGAGTATAAAGGCAAAAGAAAGCTTGACTGCAAGACCTACAAGTCGAGCAGAGACGAAAGTCGGTCTTAGTGATCCGACAGTTCTGAGTGGAAAGGCTGTCGCTCAACGGATAAAAGTTACTCTAGGGATA,GS-STAR,p23SrV-f1,p23SrV-r1,PT1,DNA,
GSSTAR223_PBK_12-34_SG_A_H,PBK_12_UPA,UPA,GGACAGAAAGACCCTATGAAGCTTTACTGTAACTTGGAATTGAAGTTGGGTTTACTTTGTGCAGAATAGGTGGGAGGCTAAGATAATATATTTGAGGATATATAGGAGCCGTCAGTGAGATACCACTCTAAGTACACTAGGCTTCTAACCTTGAAAGCCGTTAACCGGCCAAGGAACAGTTTCAGGCGGGCAGTTTGACTGGGGCGGTCGCCTCCTAAAAGGTAACGGAGGCGTACAAAGGTTTTCTCAAGCTGGTCAGAAATCAGTTTTAGAGTATAAAGGCAAAAGAAAGCTTGACTGCAAGACCTACAAGTCGAGCAGAGACGAAAGTCGGTCTTAGTGATCCGACAGTTCTGAGTGGAAAGGCTGTCGCTCAACGGATAAAAGTTACTCTAGGGA,GS-STAR,p23SrV-f1,p23SrV-r1,PT1,DNA,
GSSTAR222_SLP_2-4_SG_A_H,SLP_2_UPA,UPA,GGACAGAAAGACCCTATGAAGCTTTACTGTAACTTGGAATTGAAGTTGGGTTTACTTTGTGCAGAATAGGTGGGAGGCTAAGATAATATATTTGAGGATATATAGGAGCCGTCAGTGAGATACCACTCTAAGTACACTAGGCTTCTAACCTTGAAAGCCGTTAACCGGCCAAGGAACAGTTTCAGGCGGGCAGTTTGACTGGGGCGGTCGCCTCCTAAAAGGTAACGGAGGCGTACAAAGGTTTTCTCAAGCTGGTCAGAAATCAGTTTTAGAGTATAAAGGCAAAAGAAAGCTTGACTGCAAGACCTACAAGTCGAGCAGAGACGAAAGTCGGTCTTAGTGATCCGACAGTTCTGAGTGGAAAGGCTGTCGCTCAACGGATAAAAGTTACTCTAGGGA,GS-STAR,p23SrV-f1,p23SrV-r1,PT1,DNA,
GSSTAR222_SLP_1-1_SG_A_H,SLP_1_UPA,UPA,GGACAGAAAGACCCTATGAAGCTTTACTGTAACTTGGAATTGAAGTTGGGTTTACTTTGTGCAGAATAGGTGGGAGGCTAAGATAATATATTTGAGGATATATAGGAGCCGTCAGTGAGATACCACTCTAAGTACACTAGGCTTCTAACCTTGAAAGCCGTTAACCGGCCAAGGAACAGTTTCAGGCGGGCAGTTTGACTGGGGCGGTCGCCTCCTAAAAGGTAACGGAGGCGTACAAAGGTTTTCTCAAGCTGGTCAGAAATCAGTTTTAGAGTATAAAGGCAAAAGAAAGCTTGACTGCAAGACCTACAAGTCGAGCAGAGACGAAAGTCGGTCTTAGTGATCCGACAGTTCTGAGTGGAAAGGCTGTCGCTCAACGGATAAAAGTTACTCTAGGGA,GS-STAR,p23SrV-f1,p23SrV-r1,PT1,DNA,
GSSTAR234_SPG_1-1_SG_A_H,SPG_1_UPA,UPA,CCCTATGAAGCTTTACTGTAACTTGGAATTGAAGTTGGGTTTACTTTGTGCAGAATAGGTGGGAGGCTAAGATAATATATTTGAGGATATATAGGAGCCGTCAGTGAGATACCACTCTAAGTACACTAGACTTCTAACCTTGAAAGCCGTTAACCGGCCAAGGAACAGTTTCAGGCGGGCAGTTTGACTGGGGCGGTCGCCTCCTAAAAGGTAACGGAGGCGTACAAAGGTTTTCTCAAGCTGGTCAGAAATCAGTTTTAGAGTATAAAGGCAAAAGAAAGCTTGACTGCAAGACCTACAAGTCGAGCAGAGACGAAAGTCGGTCTTAGTGATCCGACAGTTCTGAGTGGAAAGGCTGTCGCTCAACGGATAAAAGTTACTCTAGGGA,GS-STAR,p23SrV-f1,p23SrV-r1,PT1,DNA,
GSSTAR221_LBT_1-1_SG_A_H,LBT_1_UPA,UPA,CCCTATGAAGCTTTACTGTAACTTGGAATTGAAGTTGGGTTTACTTTGTGCAGAATAGGTGGGAGGCTAAGATAATATATTTGAGGATATATAGGAGCCGTCAGTGAGATACCACTCTAAGTACACTAGACTTCTAACCTTGAAAGCCGTTAACCGGCCAAGGAACAGTTTCAGGCGGGCAGTTTGACTGGGGCGGTCGCCTCCTAAAAGGTAACGGAGGCGTACAAAGGTTTTCTCAAGCTGGTCAGAAATCAGTTTTAGAGTATAAAGGCAAAAGAAAGCTTGACTGCAAGACCTACAAGTCGAGCAGAGACGAAAGTCGGTCTTAGTGATCCGACAGTTCTGAGTGGAAAGGCTGTCGCTCAACGGATAAAAGTTACTCTAGGGA,GS-STAR,p23SrV-f1,p23SrV-r1,PT1,DNA,
GSSTAR223_PBK_22-64_SG_A_H,PBK_22_UPA,UPA,CCCTATGAAGCTTTACTGTAACTTGGAATTGAAGTTGGGTTTACTTTGTGCAGAATAGGTGGGAGGCTAAGATAATATATTTGAGGATATATAGGAGCCGTCAGTGAGATACCACTCTAAGTACACTAGACTTCTAACCTTGAAAGCCGTTAACCGGCCAAGGAACAGTTTCAGGCGGGCAGTTTGACTGGGGCGGTCGCCTCCTAAAAGGTAACGGAGGCGTACAAAGGTTTTCTCAAGCTGGTCAGAAATCAGTTTTAGAGTATAAAGGCAAAAGAAAGCTTGACTGCAAGACCTACAAGTCGAGCAGAGACGAAAGTCGGTCTTAGTGATCCGACAGTTCTGAGTGGAAAGGCTGTCGCTCAACGGATAAAAGTTACTCTAGGGA,GS-STAR,p23SrV-f1,p23SrV-r1,PT1,DNA,
GSSTAR234_SPG_16-49_SG_A_H,SPG_16_UPA,UPA,CCCTATGAAGCTTTACTGTAACTTGGAATTGAAGTTGGGTTTACTTTGTGCAGAATAGGTGGGAGGCTAAGATAATATATTTGAGGATATATAGGAGCCGTCAGTGAGATACCACTCTAAGTACACTAGACTTCTAACCTTGAAAGCCGTTAACCGGCCAAGGAACAGTTTCAGGCGGGCAGTTTGACTGGGGCGGTCGCCTCCTAAAAGGTAACGGAGGCGTACAAAGGTTTTCTCAAGCTGGTCAGAAATCAGTTTTAGAGTATAAAGGCAAAAGAAAGCTTGACTGCAAGACCTACAAGTCGAGCAGAGACGAAAGTCGGTCTTAGTGATCCGACAGTTCTGAGTGGAAAGGCTGTCGCTCAACGGATAAAAGTTACTCTAGGGA,GS-STAR,p23SrV-f1,p23SrV-r1,PT1,DNA,
GSSTAR234_SPG_5-13_SG_A_H,SPG_5_UPA,UPA,CCCTATGAAGCTTTACTGTAACTTGGAATTGAAGTTGGGTTTACTTTGTGCAGAATAGGTGGGAGGCTAAGATAATATATTTGAGGATATATAGGAGCCGTCAGTGAGATACCACTCTAAGTACACTAGACTTCTAACCTTGAAAGCCGTTAACCGGCCAAGGAACAGTTTCAGGCGGGCAGTTTGACTGGGGCGGTCGCCTCCTAAAAGGTAACGGAGGCGTACAAAGGTTTTCTCAAGCTGGTCAGAAATCAGTTTTAGAGTATAAAGGCAAAAGAAAGCTTGACTGCAAGACCTACAAGTCGAGCAGAGACGAAAGTCGGTCTTAGTGATCCGACAGTTCTGAGTGGAAAGGCTGTCGCTCAACGGATAAAAGTTACTCTAGGGA,GS-STAR,p23SrV-f1,p23SrV-r1,PT1,DNA,
GSSTAR221_LBT_2-4_SG_A_H,LBT_2_UPA,UPA,CCCTATGAAGCTTTACTGTAACTTGGAATTGAAGTTGGGTTTACTTTGTGCAGAATAGGTGGGAGGCTAAGATAATATATTTGAGGATATATAGGAGCCGTCAGTGAGATACCACTCTAAGTACACTAGACTTCTAACCTTGAAAGCCGTTAACCGGCCAAGGAACAGTTTCAGGCGGGCAGTTTGACTGGGGCGGTCGCCTCCTAAAAGGTAACGGAGGCGTACAAAGGTTTTCTCAAGCTGGTCAGAAATCAGTTTTAGAGTATAAAGGCAAAAGAAAGCTTGACTGCAAGACCTACAAGTCGAGCAGAGACGAAAGTCGGTCTTAGTGATCCGACAGTTCTGAGTGGAAAGGCTGTCGCTCAACGGATAAAAGTTACTCTAGGGA,GS-STAR,p23SrV-f1,p23SrV-r1,PT1,DNA,
GSSTAR234_SPG_2-4_SG_A_H,SPG_2_UPA,UPA,TGGACAGAAAGACCCTATGAAGCTTTACTGTAACTTGGAATTGAAGTTGGGTTTACTTTGTGCAGAATAGGTGGGAGGCTAAGATAATATATTTGAGGATATATAGGAGCCGTCAGTGAGATACCACTCTAAGTACACTAGACTTCTAACCTTGAAAGCCGTTAACCGGCCAAGGAACAGTTTCAGGCGGGCAGTTTGACTGGGGCGGTCGCCTCCTAAAAGGTAACGGAGGCGTACAAAGGTTTTCTCAAGCTGGTCAGAAATCAGTTTTAGAGTATAAAGGCAAAAGAAAGCTTGACTGCAAGACCTACAAGTCGAGCAGAGACGAAAGTCGGTCTTAGTGATCCGACAGTTCTGAGTGGAAAGGCTGTCGCTCAACGGATAAAAGTTACTCTAGGGA,GS-STAR,p23SrV-f1,p23SrV-r1,PT1,DNA,
GSSTAR234_SPG_9-25_SG_A_H,SPG_9_UPA,UPA,GGACAGAAAGACCCTATGAAGCTTTACTGTAACTTGGAATTGAAGTTGGGTTTACTTTGTGCAGAATAGGTGGGAGGCTAAGATAATATATTTGAGGATATATAGGAGCCGTCAGTGAGATACCACTCTAAGTACACTAGACTTCTAACCTTGAAAGCCGTTAACCGGCCAAGGAACAGTTTCAGGCGGGCAGTTTGACTGGGGCGGTCGCCTCCTAAAAGGTAACGGAGGCGTACAAAGGTTTTCTCAAGCTGGTCAGAAATCAGTTTTAGAGTATAAAGGCAAAAGAAAGCTTGACTGCAAGACCTACAAGTCGAGCAGAGACGAAAGTCGGTCTTAGTGATCCGACAGTTCTGAGTGGAAAGGCTGTCGCTCAACGGATAAAAGTTACTCTAGGGA,GS-STAR,p23SrV-f1,p23SrV-r1,PT1,DNA,
GSSTAR234_SPG_10-28_SG_A_H,SPG_10_UPA,UPA,GGACAGAAAGACCCTATGAAGCTTTACTGTAACTTGGAATTGAAGTTGGGTTTACTTTGTGCAGAATAGGTGGGAGGCTAAGATAATATATTTGAGGATATATAGGAGCCGTCAGTGAGATACCACTCTAAGTACACTAGACTTCTAACCTTGAAAGCCGTTAACCGGCCAAGGAACAGTTTCAGGCGGGCAGTTTGACTGGGGCGGTCGCCTCCTAAAAGGTAACGGAGGCGTACAAAGGTTTTCTCAAGCTGGTCAGAAATCAGTTTTAGAGTATAAAGGCAAAAGAAAGCTTGACTGCAAGACCTACAAGTCGAGCAGAGACGAAAGTCGGTCTTAGTGATCCGACAGTTCTGAGTGGAAAGGCTGTCGCTCAACGGATAAAAGTTACTCTAGGGA,GS-STAR,p23SrV-f1,p23SrV-r1,PT1,DNA,
GSSTAR296_PDK_12-34_SG_A_H,PDK_12_UPA,UPA,TGGACAGAAAGACCCTATGAAGCTTTACTGTAACTTGGAATTGAAGTTGGGTTTACTTTGCGCAGAATAGGTGGGAGGCTAAGATAATATATTTGAGGATATATAGGAGCCATCAGTGAGATACCACTCTAAGTACACTAGACTTCTAACCTTGAAAGCCGTTAACCGGCCAAGGAACAGTTTCAGGCGGGCAGTTTGACTGGGGCGGTCGCCTCCTAAAAGGTAACGGAGGCGTACAAAGGTTTTCTCAAGCTGGTCAGAAATCAGTTTTAGAGTATAAAGGCAAAAGAAAGCTTGACTGCAAGACCTACAAGTCGAGCAGAGACGAAAGTCGGTCTTAGTGATCCGACAGTTCTGAGTGGAAAGGCTGTCGCTCAACGGATAAAAGTTACTCTAGGGATA,GS-STAR,p23SrV-f1,p23SrV-r1,PT1,DNA,
GSSTAR223_PBK_25-79_SG_A_H,PBK_25_UPA,UPA,GGACAGAAAGACCCTATGAAGCTTTACTGTAACTTGGAATTGAAGTTGGGTTTACTTTGCGCAGAATAGGTGGGAGGCTAAGATAATATATTTGAGGATATATAGGAGCCATCAGTGAGATACCACTCTAAGTACACTAGACTTCTAACCTTGAAAGCCGTTAACCGGCCAAGGAACAGTTTCAGGCGGGCAGTTTGACTGGGGCGGTCGCCTCCTAAAAGGTAACGGAGGCGTACAAAGGTTTTCTCAAGCTGGTCAGAAATCAGTTTTAGAGTATAAAGGCAAAAGAAAGCTTGACTGCAAGACCTACAAGTCGAGCAGAGACGAAAGTCGGTCTTAGTGATCCGACAGTTCTGAGTGGAAAGGCTGTCGCTCAACGGATAAAAGTTACTCTAGGGATA,GS-STAR,p23SrV-f1,p23SrV-r1,PT1,DNA,
GSSTAR250_GRP_31-61_SG_A_H,GRP_31_UPA,UPA,TGGACAGAAAGACCCTATGAAGCTTTACTGTAACTTGGAATTGAATTTGGGTTTATTTTGCGCAGAATAGGTGGGAGGCTAAGATAATATATTTGAGGATATATAGGAGCCACCAGTGAGATACCACTCTAAGTAAACTAGAATTCTAACCTTGAAAGCCGTTAACCGGCCAAGGAACAGTTTCAGGCGGGCAGTTTGACTGGGGCGGTCGCCTCCTAAAAGGTAACGGAGGCGTACAAAGGTTTTCTCAGGCTGGTCAGAAATCAGTTGCAGAGTATAAAGGCATAAGAAAGCTTGACTGCAAGACCTACAAGTCGAGCAGAGACGAAAGTCGGTCTTAGTGATCCGACAGTTCTGAGTGGAAAGGCTGTCGCTCAACGGATAAAAGTTACTCTAGGGATA,GS-STAR,p23SrV-f1,p23SrV-r1,PT1,DNA,
GSSTAR250_GRP_32-63_SG_A_H,GRP_32_UPA,UPA,TGGACAGAAAGACCCTATGAAGCTTTACTGTAACTTGGAATTGAATTTGGGTTTATTTTGCGCAGAATAGGTGGGAGGCTAAGATAATATATTTGAGGATATATAGGAGCCACCAGTGAGATACCACTCTAAGTAAACTAGAATTCTAACCTTGAAAGCCGTTAACCGGCCAAGGAACAGTTTCAGGCGGGCAGTTTGACTGGGGCGGTCGCCTCCTAAAAGGTAACGGAGGCGTACAAAGGTTTTCTCAGGCTGGTCAGAAATCAGTTGCAGAGTATAAAGGCATAAGAAAGCTTGACTGCAAGACCTACAAGTCGAGCAGAGACGAAAGTCGGTCTTAGTGATCCGACAGTTCTGAGTGGAAAGGCTGTCGCTCAACGGATAAAAGTTACTCTAGGGATA,GS-STAR,p23SrV-f1,p23SrV-r1,PT1,DNA,
GSSTAR275_TJA_2-3_SG_A_H,TJA_2_UPA,UPA,TGGACAGAAAGACCCTATGAAGCTTTACTGTAACTTGGAATTGAATTTGGGTTTATTTTGCGCAGAATAGGTGGGAGGCTAAGATAATATATTTGAGGATATATAGGAGCCACCAGTGAGATACCACTCTAAGTAAACTAGAATTCTAACCTTGAAAGCCGTTAACCGGCCAAGGAACAGTTTCAGGCGGGCAGTTTGACTGGGGCGGTCGCCTCCTAAAAGGTAACGGAGGCGTACAAAGGTTTTCTCAGGCTGGTCAGAAATCAGTTGCAGAGTATAAAGGCATAAGAAAGCTTGACTGCAAGACCTACAAGTCGAGCAGAGACGAAAGTCGGTCTTAGTGATCCGACAGTTCTGAGTGGAAAGGCTGTCGCTCAACGGATAAAAGTTACTCTAGGGATA,GS-STAR,p23SrV-f1,p23SrV-r1,PT1,DNA,
GSSTAR276_SRW_22-43_SG_A_H,SRW_22_UPA,UPA,TGGACAGAAAGACCCTATGAAGCTTTACTGTAACTTGGAATTGAATTTGGGTTTATTTTGCGCAGAATAGGTGGGAGGCTAAGATAATATATTTGAGGATATATAGGAGCCACCAGTGAGATACCACTCTAAGTAAACTAGAATTCTAACCTTGAAAGCCGTTAACCGGCCAAGGAACAGTTTCAGGCGGGCAGTTTGACTGGGGCGGTCGCCTCCTAAAAGGTAACGGAGGCGTACAAAGGTTTTCTCAGGCTGGTCAGAAATCAGTTGCAGAGTATAAAGGCATAAGAAAGCTTGACTGCAAGACCTACAAGTCGAGCAGAGACGAAAGTCGGTCTTAGTGATCCGACAGTTCTGAGTGGAAAGGCTGTCGCTCAACGGATAAAAGTTACTCTAGGGATA,GS-STAR,p23SrV-f1,p23SrV-r1,PT1,DNA,
GSSTAR275_TJA_1-1_SG_A_H,TJA_1_UPA,UPA,TGGACAGAAAGACCCTATGAAGCTTTACTGTAACTTGGAATTGAATTTGGGTTTATTTTGCGCAGAATAGGTGGGAGGCTAAGATAATATATTTGAGGATATATAGGAGCCACCAGTGAGATACCACTCTAAGTAAACTAGAATTCTAACCTTGAAAGCCGTTAACCGGCCAAGGAACAGTTTCAGGCGGGCAGTTTGACTGGGGCGGTCGCCTCCTAAAAGGTAACGGAGGCGTACAAAGGTTTTCTCAGGCTGGTCAGAAATCAGTTGCAGAGTATAAAGGCATAAGAAAGCTTGACTGCAAGACCTACAAGTCGAGCAGAGACGAAAGTCGGTCTTAGTGATCCGACAGTTCTGAGTGGAAAGGCTGTCGCTCAACGGATAAAAGTTACTCTAGGGATA,GS-STAR,p23SrV-f1,p23SrV-r1,PT1,DNA,
GSSTAR275_TJA_7-13_SG_A_H,TJA_7_UPA,UPA,TGGACAGAAAGACCCTATGAAGCTTTACTGTAACTTGGAATTGAATTTGGGTTTATTTTGCGCAGAATAGGTGGGAGGCTAAGATAATATATTTGAGGATATATAGGAGCCACCAGTGAGATACCACTCTAAGTAAACTAGAATTCTAACCTTGAAAGCCGTTAACCGGCCAAGGAACAGTTTCAGGCGGGCAGTTTGACTGGGGCGGTCGCCTCCTAAAAGGTAACGGAGGCGTACAAAGGTTTTCTCAGGCTGGTCAGAAATCAGTTGCAGAGTATAAAGGCATAAGAAAGCTTGACTGCAAGACCTACAAGTCGAGCAGAGACGAAAGTCGGTCTTAGTGATCCGACAGTTCTGAGTGGAAAGGCTGTCGCTCAACGGATAAAAGTTACTCTAGGGATA,GS-STAR,p23SrV-f1,p23SrV-r1,PT1,DNA,
GSSTAR276_SRW_21-41_SG_A_H,SRW_21_UPA,UPA,TGGACAGAAAGACCCTATGAAGCTTTACTGTAACTTGGAATTGAATTTGGGTTTATTTTGCGCAGAATAGGTGGGAGGCTAAGATAATATATTTGAGGATATATAGGAGCCACCAGTGAGATACCACTCTAAGTAAACTAGAATTCTAACCTTGAAAGCCGTTAACCGGCCAAGGAACAGTTTCAGGCGGGCAGTTTGACTGGGGCGGTCGCCTCCTAAAAGGTAACGGAGGCGTACAAAGGTTTTCTCAGGCTGGTCAGAAATCAGTTGCAGAGTATAAAGGCATAAGAAAGCTTGACTGCAAGACCTACAAGTCGAGCAGAGACGAAAGTCGGTCTTAGTGATCCGACAGTTCTGAGTGGAAAGGCTGTCGCTCAACGGATAAAAGTTACTCTAGGGATA,GS-STAR,p23SrV-f1,p23SrV-r1,PT1,DNA,
GSSTAR250_GRP_34-67_SG_A_H,GRP_34_UPA,UPA,TGGACAGAAAGACCCTATGAAGCTTTACTGTAACTTGGAATTGAATTTGGGTTTATTTTGCGCAGAATAGGTGGGAGGCTAAGATAATATATTTGAGGATATATAGGAGCCACCAGTGAGATACCACTCTAAGTAAACTAGAATTCTAACCTTGAAAGCCGTTAACCGGCCAAGGAACAGTTTCAGGCGGGCAGTTTGACTGGGGCGGTCGCCTCCTAAAAGGTAACGGAGGCGTACAAAGGTTTTCTCAGGCTGGTCAGAAATCAGTTGCAGAGTATAAAGGCATAAGAAAGCTTGACTGCAAGACCTACAAGTCGAGCAGAGACGAAAGTCGGTCTTAGTGATCCGACAGTTCTGAGTGGAAAGGCTGTCGCTCAACGGATAAAAGTTACTCTAGGGATA,GS-STAR,p23SrV-f1,p23SrV-r1,PT1,DNA,
